备注,博主,博主自定义标签,场景,封面,平台,情绪关键词,拍摄类型,收藏数,收藏率,文案,点赞数,爆点分析（主观）,穿搭风格,评论数,链接
,https://www.xiaohongshu.com/user/profile/67c00849000000000e01d316?channel_type=web_note_detail_r10&parent_page_channel_type=web_user_board&xsec_token=ABA0_s1Nx4gCwb9ONyn7A6rtb3OWHk8pqACI1ngp3FK-0=&xsec_source=pc_note,"ootdinspo, 韩系穿搭",酒店,酒店对镜自拍,小红书,"气质, 温柔, 精致","多角度, 对镜自拍, 露脸",383,18.79%,温柔紫～,2038,干净温柔，看起来有一点高级。不像小孩子。成熟知性。拍摄清晰，动作自然。,"轻熟, 韩系",20,https://www.xiaohongshu.com/explore/6a1b05b5000000003700cd73?xsec_token=ABqSJcTRw__boGR6oVq1e2MsrZSBcggnawXRBanDFO6DA=&xsec_source=pc_feed
,https://www.xiaohongshu.com/user/profile/5aa31ef84eacab58dd190cf7?channel_type=web_note_detail_r10&parent_page_channel_type=web_user_board&xsec_token=AB77jNApsj9MZnn6Bmp5pH07y9OxEURQwuQt83rD99RaE=&xsec_source=pc_note,温柔连衣裙,家里,家中对镜自拍，不露脸,小红书,"有钱感, 气质, 温柔","多角度, 对镜自拍, 露脸",1449,36.45%,一衣多穿的温柔连衣裙~,3975,有气质，小高级，非常的精致。全身都拍到了，评论区还有问鞋子链接的。,"轻熟, 韩系, 高级感",97,https://www.xiaohongshu.com/explore/6a17cf2c00000000350300c3?xsec_token=ABzZpf-T0_9ELkKiLB7gutF4h4KO9yu9Vf3JUfUjlTSkw=&xsec_source=pc_cfeed
,https://www.xiaohongshu.com/user/profile/55e643915894463d7dcea347?channel_type=web_note_detail_r10&parent_page_channel_type=web_user_board&xsec_token=AB_T5gXHD4Wx_rqMghZoP7_oFarK8xPNw4yoB2kj9QsIM=&xsec_source=pc_note,"一周穿搭不重样, 气质穿搭, 衬衫, 阔腿裤",家里,多角度对镜自拍,小红书,"普通人可复制, 通勤感",对镜自拍,9251,77.09%,一周穿搭不重样｜衬衫搭配合集✔️,12000,通勤穿搭，普通人复制简单，不需要身材和颜值撑着。衬衫加休闲西裤，配运动鞋。日常感非常强。,"日系, 通勤",545,https://www.xiaohongshu.com/user/profile/6a190904000000000103ec0e/63e24fb9000000001b01ffe7?xsec_token=ABueB51UcCiBnP8bs4h1P6ZOQf4fPcGqeQXM79419sAY8=&xsec_source=pc_like
,https://www.xiaohongshu.com/user/profile/5cb338680000000011019e01?channel_type=web_note_detail_r10&parent_page_channel_type=web_user_board&xsec_token=ABtIZ0RR0jPDNkQRnAjMoC_TU7938DJ8XTwOYHIuXkAWU=&xsec_source=pc_note,,家里,家中对镜自拍,小红书,"显瘦, 松弛感, 氛围感, 精致",对镜自拍,328,31.12%,📃近期18套穿搭合集,1054,18套衣服，涵盖了不同的风格，拍摄的图片清晰，干净，简介。普通人可复制。,"松弛感, 韩系",55,https://www.xiaohongshu.com/user/profile/6a190904000000000103ec0e/6a07c1f80000000006033913?xsec_token=ABvFLTlRZlz11keQQi-e_MOPoxf9JRNrfbFidX07eusWw=&xsec_source=pc_like
,https://www.xiaohongshu.com/user/profile/68fdda180000000032018ac2?channel_type=web_note_detail_r10&parent_page_channel_type=web_user_board&xsec_token=ABDQUzENsGHicVtTEa-4ZtfWzW7GKVvoQ4qVj-rm4nKJI=&xsec_source=pc_note,"一周穿搭不重样, 今天出门穿什么, 打工人的日常穿搭, 跟着博主学穿搭, 韩系穿搭",家里,举手机挡脸，他人拍摄,小红书,"普通人可复制, 通勤感",对镜自拍,1849,29.51%,打工人一周穿搭,6266,适合上班通勤，但是又有一点小设计。有一点精致，普通人也可以复制。,"极简, 通勤, 韩系",38,https://www.xiaohongshu.com/user/profile/6a190904000000000103ec0e/69af8f72000000000c00b8fd?xsec_token=ABUxweET_UrthFyu92DQcgc_ORjvP2SFpTAkKf4QXH3Hw=&xsec_source=pc_like
,https://www.xiaohongshu.com/user/profile/5c82a3780000000012029908?channel_type=web_note_detail_r10&parent_page_channel_type=web_user_board&xsec_token=ABZ-1BBAP4SlWn7K1fDbnuz_Yk1VfD1TAbU0SDgPzLhDU=&xsec_source=pc_note,,公园,站在公园里，背景是绿色的树，视觉冲击力强。,小红书,"干净, 普通人可复制, 松弛感",公园拍摄,2078,38.84%,入夏的一周穿搭小合集～,5350,服装宽松舒适，平时上班，逛街都能穿。拍摄照片吸引人，阳光下的公园拍摄，配合动作给人很阳光积极的感觉。,"松弛感, 通勤",175,https://www.xiaohongshu.com/user/profile/6a190904000000000103ec0e/69e5a106000000002200155e?xsec_token=AB4WiOT627CIix4kpBk433EKLFn0Mgsr03qP9sFb829SQ=&xsec_source=pc_like
,https://www.xiaohongshu.com/user/profile/5cf41755000000001602c4fd?channel_type=web_note_detail_r10&parent_page_channel_type=web_user_board&xsec_token=ABVqgHOfyZOKsagzQSW4n78rahWUR7qlbYm4GfaDSuq9U=&xsec_source=pc_note,"上班穿搭, 通勤穿搭",公共卫生间,四张穿搭合集，在公司卫生间对镜拍半身照,小红书,"普通人可复制, 温柔, 通勤感","半身, 对镜自拍",261,15.52%,"🇲🇾 通勤怎样穿不失专业又不会太班味呢
我是乱穿 怎样舒服怎样来 没洗头发就夹起来
	
欢迎分享",1682,非常适合日常上班，适合大部分人上班穿。拍摄场景在公司卫生间，大部分人都会经历的场景。,通勤,48,https://www.xiaohongshu.com/user/profile/6a190904000000000103ec0e/686cbf37000000001c030e60?xsec_token=ABrQVHCChF45NvscYTIodwThMFW7ZDJOnsOGxpbYZPrJU=&xsec_source=pc_like
,https://www.xiaohongshu.com/user/profile/62b3fe52000000001b0271ae?channel_type=web_note_detail_r10&parent_page_channel_type=web_user_board&xsec_token=ABO2AAyxxLAZN7kIi8_7ZQh0pfCd4LmgJDohjIS53t0YE=&xsec_source=pc_note,"ootd夏日穿搭, 日常穿搭",家里,家中对镜自拍 场景明亮 有包包手链等配饰 有帽子轻微遮挡面部,小红书,"干净, 普通人可复制","对镜自拍, 露脸",1226,25.92%,🩵🫧🩵,4730,衣服日常 普通人能买 背景干净明亮高级,韩系,182,https://www.xiaohongshu.com/user/profile/6a190904000000000103ec0e/6a03d01b000000003603093e?xsec_token=ABp_4cA_oE4184fpkMIw40TwTy3EU5bjJTpD3CD7bQy1c=&xsec_source=pc_like